Conference,Deadline,Start,End,Location,Submission fee,Topics of interest
Eighth Edinburgh Corporate Finance Conference,2026-11-22,2027-06-07,2027-06-08,Edinburgh,N/A,"Corporate finance, both theoretical and empirical"
1st Arctic Finance Conference,2026-10-23,2027-06-24,2027-06-27,"Svolvær, Lofoten, Norway",CHF 60,Empirical and theoretical contributions from all areas of finance
ASU Sonoran Winter Finance Conference 2027,2026-11-19,2027-02-04,2027-02-06,"Andaz Scottsdale Resort and Bungalows, Scottsdale, Arizona",N/A,"All areas of finance, both theoretical and empirical contributions"
14th Annual Conference on Financial Market Regulation (CFMR 2027),2026-11-18,2027-05-06,2027-05-07,"SEC Headquarters, 100 F St NE, Washington, DC 20002",50 USD,"Asset management, corporate finance, financial intermediation, market microstructure and trading"
Finance Down Under: Building on the Best from the Cellars of Finance,2026-10-11,2027-02-25,2027-02-27,"Melbourne, Australia",US$100,"asset pricing, corporate finance, data and AI in finance, economic measurement, financial valuations"
ASU Cactus Conference,2026-11-15,2027-03-11,2027-03-13,"Tempe, Arizona",100 USD,All areas of accounting and all research methods
World Finance Conference 2027,2027-03-01,2027-07-28,2027-07-31,"Athens University of Economics and Business, Athens, Greece",N/A,"FinTech, economics, banking"
European Financial Management Merton H. Miller Doctoral Student Seminar,2026-12-20,2027-06-23,2027-06-26,"The University of Leeds, Leeds, UK",500.00 USD,"corporate finance, asset pricing, market microstructure, international finance, financial institutions and intermediation, academic publishing, career development"
European Financial Management Association 2027 Annual Meeting,2027-01-15,2027-06-23,2027-06-26,"The University of Leeds, Leeds, UK",N/A,All areas of Finance
Spring Finance Workshop,2026-11-08,2027-04-11,2027-04-13,"Ischgl, Austria",72 EUR,All fields of finance
2027 Currency Conference,2027-03-01,2027-05-24,2027-05-26,"Berlin, Germany",N/A,"Cash Resilience, The Future of Central Bank Money, Access / Right to Cash, Currency Design, Cash Infrastructure: Who Shoulders the Burden?, AI in the Cash Cycle, Geopolitics / Reserve Currencies, Demand Forecasting"
ASU Sonoran Winter Real Estate Conference 2027,2026-10-20,2027-02-04,2027-02-04,"Andaz Scottsdale Resort and Bungalows, Scottsdale, Arizona",95 USD,"Real estate research, finance, economics, urban research, environmental research, public policy, credit and risk, affordability and access, sustainability in residential and commercial markets"
SoFiE sponsored joint Financial Econometrics Conference,2026-12-01,2027-04-21,2027-04-23,"Lancaster University, England",30 GBP,"High-frequency econometrics, Market microstructure, Forecasting, Asset Pricing and investments, Risk neutral density estimation, Fintech & blockchain, Cryptocurrencies, Climate econometrics, Volatility modelling, Artificial intelligence & machine learning, Factor models, Term structure models, Risk modelling, Real time detection of extreme market events, Options & derivatives modelling, Multivariate & high dimensional time series modelling"
Central Bank Payments Conference (CBPC),2027-01-11,2027-03-15,2027-03-17,"Bangkok, Thailand",N/A,"Cross-Border Payments, Digital Money: CBDCs, Stablecoins, and Tokenization, Payments Fraud and Scams, Agentic AI and Payments, Cyber Resilience and Quantum Preparedness, Payments Sovereignty, Payment System Interoperability"
2026 Wellington Finance Summit,2026-10-11,2026-11-20,2026-11-20,"Wellington, New Zealand",N/A,All fields of finance
University of Kentucky Finance Conference,2026-11-18,2027-04-22,2027-04-24,"Lexington, Kentucky, USA",N/A,All areas of finance
3rd Lapland Finance Summit,2026-11-22,2027-04-05,2027-04-06,"Levi, Kittilä, Finland",N/A,"Household finance, investment funds, stock market participation, portfolio and security choice, personality and household finance, debt behavior, retirement savings, financial literacy, financial advice, climate change and finance, machine learning in finance, fund performance measurement, ESG in finance, macroeconomic issues, innovations in fund design"
Columbia/BPI Bank Regulation Research Conference,2026-11-13,2027-02-18,2027-02-18,"Columbia University, New York City",N/A,"Bank capital and liquidity regulation, Payments and digital asset innovations, Bank regulation and central bank balance sheets, Bank resilience to financial or operational risks, Household finance, Bank Merger policy"
16th ITAM Finance Conference,2026-10-25,2027-02-19,2027-02-20,"ITAM Santa Teresa Campus, Mexico City, Mexico","$1,250 MXN (approximately $74 USD)",Empirical or theoretical papers from all areas of finance and financial economics
11th Northeastern Finance Conference,2026-11-22,2027-05-05,2027-05-07,"Boston, Massachusetts, United States",90 USD,"All areas of finance, theoretical and empirical"
2027 Baruch-JFQA Climate Finance and Sustainability Conference,2026-11-06,2027-03-11,2027-03-12,"New York, NY",N/A,"Climate finance and sustainability, AI/data-center electricity demand, physical-risk insurance gaps"
Sustainable Finance Research Forum Paris 2026,2026-10-04,2026-12-04,2026-12-04,"Paris, France",N/A,"Sustainable finance, applied research from corporate, financial intermediary, and investor perspectives"
Friends of Women in Finance 5th Symposium in Greater New York (FWFS-GNY),2026-10-19,2026-12-04,2026-12-04,"New York City, USA",FREE,"AI and digital finance, behavioral and social finance, corporate finance and governance, climate and sustainable finance, investment and asset pricing, financial markets and institutions, and other finance-related research"
Emerging Markets Group - European Bank of Reconstruction and Development workshop on “The Drivers of growth in the 21st century”,2027-02-07,2027-06-09,2027-06-10,"Bayes Business School, City St. George's, University of London - London",N/A,"Impact of globalization in the era of rising geopolitical tensions, Advances in artificial intelligence, Impact of financial development, Demographic trends, The growing role of China in the global financial system, Changes in economies’ comparative advantages, Public health, institutions, climate change, inequality"
WFEClear 2027,2027-01-06,2027-04-27,2027-04-29,"Almaty, Kazakhstan",N/A,"Clearing in emerging and developing markets, CCP design, governance and risk management, Margin, collateral and liquidity, Clearing, systemic risk and resilience, Regulation, incentives and the economics of clearing, Innovation, technology and the future of clearing, New products, markets and clearing arrangements"
2027 Loyola Wealth Management Conference,2026-12-21,2027-03-12,2027-03-12,"Loyola University Maryland | Baltimore, MD",None,"Mutual funds, ETFs, and index investing; Fixed income securities and credit markets; Real estate investment trusts (REITs) and alternative assets; Private equity, venture capital, and hedge funds; Digital assets, cryptocurrencies, and fintech; Retirement planning, household finance, and target-date strategies; Asset allocation and portfolio management"
16th Workshop on Exchange Rates,2026-09-13,2026-12-10,2026-12-11,Hong Kong,N/A,"drivers of exchange rates and related asset prices from a financial perspective, exchange rates and the transmission of monetary policy, FX interventions and supply side shocks, exchange rates and macrofinancial stability frameworks, FX risk premia and their drivers, global linkages between capital flows, foreign exchange rates and risk appetite, the international use of currencies and its implications for exchange rates, implications of digital and tokenised assets for FX markets"
3rd Annual Boca Finance and Real Estate Conference,2026-09-15,2026-11-12,2026-11-13,"Florida Atlantic University, Boca Raton, Florida, USA",$50 USD,All topics related to finance and real estate
Southwestern Finance Association 2027 Annual Meeting,2026-09-15,2027-02-17,2027-02-19,"Las Vegas, NV",N/A,All aspects of finance and financial education
2026 Global Summit of Finance in the Age of AI and Climate Change,2026-10-10,2026-12-19,2026-12-19,"Shanghai, China",N/A,"AI, information production, disclosure, and market efficiency; AI, corporate policies, and innovation; Financing science and technology innovation; Climate risks, asset prices, and financial stability; Green financial products, transition finance, and sustainable investing; Climate policy, environmental externalities, and corporate responses; Interactions between artificial intelligence and climate finance"
UWFC 2027,2026-09-01,2027-02-04,2027-02-07,"The Cliff Lodge at Snowbird, Utah",105 USD,financial economics
European Winter Finance Summit,2026-10-18,2027-03-14,2027-03-17,"Hotel Arlberghaus, Zürs, Austria",EUR 50,All areas of finance
NBS Conference on AI for Finance,2026-09-20,2026-11-20,2026-11-23,Nanyang Technological University (Singapore),N/A,"Generative AI, Foundation Models, and Financial Decision-Making; AI-Driven Asset Pricing, Portfolio Management, and Investment Strategies; Machine Learning for Financial Forecasting and Market Prediction; Alternative Data, Natural Language Processing, and Financial Analytics; AI in Banking, Credit Risk Assessment, and Financial Intermediation; AI, FinTech Innovation, and the Future of Financial Services; Human-AI Collaboration in Financial Markets and Corporate Finance; AI for Climate Finance, ESG Analysis, and Sustainable Investing; AI Governance, Regulation, Ethics, and Responsible Innovation in Finance"
Risk Theory Society Meeting 2027,2026-12-15,2027-05-28,2027-05-30,"Munich, Germany",N/A,"insurance economics, financial economics related to insurance markets, actuarial science, economic analysis of risk and uncertainty"
IIM Calcutta-NYU Stern India Research Conference,2026-09-21,2026-10-09,2026-10-09,WEBINAR,N/A,"finance, economics, and accounting covering issues concerning India and emerging economies; challenges and implications of major policy initiatives in India; effects of AI on the economies of India, China, and the US"
UNC Duke Corporate Finance Conference,2026-11-20,2027-04-02,2027-04-03,Chapel Hill,100 USD,corporate finance
3rd LSU Finance Mardi Gras Conference,2026-08-31,2027-02-05,2027-02-06,"Baton Rouge, LA",75 USD,All topics in finance
Financial Research Association 2026 Annual Conference,2026-08-31,2026-12-05,2026-12-06,"Las Vegas, NV, USA",N/A,New finance papers of general interest to the profession; early work; research by junior scholars
Winter Finance Summit in Asia,2026-10-18,2027-03-01,2027-03-04,"Iwate, Japan","JPY8,000","All areas of finance and real estate finance, particularly early-stage research not presented at major conferences"
Stern/Salomon Microstructure Conference,2026-10-04,2026-12-04,2026-12-04,"Stern School, New York University",N/A,"Economics of securities markets, role of information in price-discovery process, measurement and determinants of liquidity, costs and benefits of alternate trading mechanisms, measurement and control of transactions costs, role of regulation, market design, trading costs comparisons, cross-border listing and trading securities, trading technology and information systems, implications of market design for risk management, financial engineering"
22nd International Behavioural Finance Conference (IBFC),2026-09-04,2026-10-29,2026-10-30,"University of Chicago, Booth School of Business, Gleacher Center",N/A,"Behavioural Asset Pricing, Behavioural Corporate, Biases and Heuristics, Cryptocurrencies, Financial Analysts, Personal Financial Behavior, Financial Markets, Investment Decisions, Mergers and Acquisitions, Political Environment, Retail Investors, Sentiment, Climate Finance, CSR and ESG"
2026 Sydney Banking and Financial Stability Conference,2026-08-31,2026-11-30,2026-12-01,"The University of Sydney Business School, Sydney, Australia",N/A,"Banking, financial stability, financial intermediation, financial institutions and markets, fintech, cryptocurrency and central bank digital currency, financial system stability, corporate finance, asset pricing, investment and funds management, macro finance"
2026 VINS Annual Conference,2026-10-15,2026-12-04,2026-12-04,"NYU Shanghai, Shanghai, China",N/A,"Applications in Asset Management & Trading, Market Microstructure & Liquidity, Emerging Financial & Operational Risks, Governance & Regulation"
FMA Annual Meeting,2026-08-21,2026-10-14,2026-10-17,"Tampa, FL",N/A,"Corporate Finance, Asset Pricing / Investments, Fintech and AI, Financial Institutions, Household Finance, Sustainable Finance"
34th Annual PBFEAM and 20th NYCU International conferences,2026-10-01,2026-12-11,2026-12-12,"National Yang Ming Chiao Tung University, Hsinchu, Taiwan",USD $250 for On-line Presenter & USD $300 for On-site Presenter,N/A
11th Annual Young Scholars Finance Consortium,2026-10-18,2027-03-04,2027-03-06,"The George Hotel, College Station, Texas",100 USD,"corporate finance and governance, financial markets and intermediation, household finance"
5th Frankfurt/Mannheim Workshop on Digital Finance,2026-09-01,2026-12-14,2026-12-14,"Frankfurt am Main, Germany",N/A,"digital assets, decentralized finance (DeFi), FinTech, AI"
CBER-Tokenomics 2026,2026-08-31,2026-11-23,2026-11-23,Singapore,N/A,"token and protocol design, decentralized finance, stablecoins and digital payments, DAOs and decentralized governance, tokenized real-world assets, prediction markets, AI agents and decentralized AI, economic world models, applications of large language models to macroeconomic, financial, and economy-wide modelling"
21st Annual Conference on Asia-Pacific Financial Markets (CAFM),2026-08-28,2026-12-10,2026-12-11,CONRAD Seoul,N/A,All areas of finance
2026 Vietnam Symposium in Climate Transition (VSCT-2026),2026-10-10,2026-12-17,2026-12-18,"The University of Danang - University of Economics, Danang, Vietnam",N/A,"Behavioral finance/economics and its implications for climate transition, Blue economy, Carbon market, Circular economy, Climate change: mitigation and adaptation, Climate change: policy and regulations, Climate finance, Climate risks: assessment and management, Climate transition and COVID-19 recovery, Climate transition and portfolio management, Corporate Social Responsibility (CSR), Energy and environmental issues, Energy markets and energy transition, Environmental, Social and Governance (ESG), Financial markets and climate transition, Geopolitical risk and climate change mitigation, Just climate transition, Low-carbon technologies and innovation, Artificial intelligence and climate transition, Management of extractive industries, Responsible behaviors and sustainability in family business, Responsible business conduct and SDG goals, Role of management, business strategies, and SDG goals, Sustainable business model innovation, Sustainable entrepreneurship, Sustainable infrastructure investment, Sustainable production and consumption, Sustainable key performance indicators"
2026 Conference on Auditing and Capital Markets,N/A,2026-09-10,2026-09-11,"Washington, DC",N/A,"Economic impact of auditing, audit regulation, audit oversight on capital markets"
"3rd American Conference of the Academy of Sustainable Finance, Accounting, Accountability & Governance (ASFAAG) 2027",2027-01-15,2027-03-10,2027-03-12,"Bentley University, Waltham, Massachusetts","$400 (Full-time Academic/Practitioners), $300 (Full-Time PhD Students), $250 (Online Presentations)","Climate Finance, Climate Change: Mitigation and Adaptation, Sustainable Business Practices and Firms’ Profitability, Policy, Regulation, and Global Coordination, ESG Disclosures and Corporate Reporting Practices, Artificial Intelligence (AI), Data Analytics, and Machine Learning in the Context of Sustainability, Managing the Triple Bottom Line, Striking the balance between shareholders and other stakeholders' interests, Financial Reporting Quality and Accountability, Corporate Social Responsibility (CSR), Financial Innovation and Climate Transition, Carbon Emissions, Carbon pricing, Net-zero Commitments, Biodiversity Finance, Green Washing, Green Banking, Governance, Incentives, and Corporate Accountability, Financing Gaps: The Role of Pension Funds and Sovereign Wealth Management in Funding Sustainability Programs, Sustainability and Executive Compensation, Political Risk and Sustainability, Natural Resources Risk Mitigation, Market Mechanisms for Natural Resource Resilience, Risk, Disclosure, and Financial Stability, Emerging Markets, Adaptation, and Development Finance"
Finance at a Time of Change and Uncertainty — Journal of Corporate Finance & Renmin University of China Conference,2026-08-09,2026-12-11,2026-12-12,"Renmin University of China, Beijing, China",N/A,"Finance and AI, Finance and politics, Finance and climate change"
Fifth Annual Junior Faculty Business & Financial Law Workshop,2026-09-09,2027-01-22,2027-01-22,"Philadelphia, University of Pennsylvania",N/A,"corporations, securities, finance, accounting, banking, bankruptcy, tax, general business law"
SGF Conference 2027,2026-10-31,2027-04-09,2027-04-09,"Zurich, Switzerland",60 CHF,All topic areas of finance
HEC-HKUST-NUS Workshop on Sustainable Finance,2026-08-15,2026-10-12,2026-10-13,Paris and Hong Kong,N/A,Sustainable Finance
European Winter Finance Conference 2027,2026-09-14,2027-01-10,2027-01-13,"Hotel Armancette, Saint-Gervais-les-Bains (near Megève), France",N/A,N/A
C.R.E.D.I.T. 2026,N/A,2026-09-24,2026-09-25,"Venice, Italy",N/A,"Artificial Intelligence, Financial Innovation, Credit Risk, Financial Stability, Sustainability, Market Integrity, Machine Learning, ESG"
Prediction Markets Conference,2026-08-20,2026-10-23,2026-10-23,"Yale School of Management, New Haven, Connecticut",N/A,Theoretical and empirical research on prediction markets
63rd Annual Eastern Finance Association Meeting,2026-09-30,2027-04-07,2027-04-10,"Philadelphia, PA",$75 USD,All areas of finance
Oklahoma Aerospace and Defense Finance Conference,2026-12-15,2027-03-26,2027-03-27,"Norman, Oklahoma",N/A,"Theoretical and empirical papers on aviation, space, or defense finance, including but not limited to venture capital and private equity financing, fiscal impacts of rearmament, capital structure determinants, mergers and acquisitions in the space industry, sustainability in military aviation, funding of satellite investments, risk management in aerospace companies, and implications of drone and hypersonic warfare."
2026 Massey Sustainable Finance Conference,2026-08-16,2026-12-07,2026-12-08,"Queenstown, New Zealand",N/A,"Artificial intelligence and machine learning applications in Sustainable Finance, Alternative data on firms' digital transformation, Behavioral Finance/Economics and its implications to climate transition, Blue economy, Carbon market and carbon credit, Carbon price forecasting techniques, Circular economy, Corporate Social Responsibility, Climate Finance, Climate risks: assessment and management, Climate transition and portfolio management, Cryptocurrency and digital finance interactions with Sustainable Finance, Diversity, equity and inclusion in Finance, Digital finance, Fintech, and sustainability, Environmental, Social and Governance, Financial markets and climate transition, Household Finance and sustainability, Green Finance, Green Finance and energy security, (Renewable) Energy Finance, Renewable Energy and Sustainability, Sustainable Finance and Accounting"
22nd Annual Olin Finance Conference at WashU,2026-07-31,2026-11-12,2026-11-13,Washington University in St. Louis,N/A,"asset pricing, behavioral finance, corporate finance, financial intermediation, household finance, development finance, labor finance"
Fisher AI in Business Conference,N/A,2026-10-14,2026-10-16,"Ohio State University, Columbus",N/A,"AI’s impact on business functions and organizational transformation; multi-agent AI systems and human-AI collaboration; AI-driven customer and employee experiences; AI, sustainability, and ESG; building and scaling AI ventures; AI governance, ethics, and regulation; AI’s influence on strategy and competition; AI’s impact on work and society; measuring AI effectiveness; AI applications in healthcare, education, and other high-stakes domains."
2026 Derivative Markets Conference,2026-08-15,2026-12-14,2026-12-16,"Auckland, New Zealand",N/A,All topics related to derivative markets
Midwest Finance Association Annual Meeting,2026-09-04,2027-03-18,2027-03-20,"Chicago, IL",75 USD,"corporate finance, financial institutions, asset pricing, asset management"
Bretton Woods Accounting and Finance Ski Conference,2026-11-02,2027-03-03,2027-03-06,"Bretton Woods, New Hampshire",$89 USD,All areas of accounting and finance
IIMB-CCGS International Corporate Governance & Sustainability Conference 2026,2026-07-22,2026-11-20,2026-11-21,"Indian Institute of Management, Bangalore, India",Waived for selected Paper Presenters,"Corporate governance and sustainability, Geo-political, economy, supply chain risk and corporate governance, AI, Data Analytics, and Machine Learning: Technology & Governance, Bridging Management and Law for a Responsible Corporation, Corporate Governance and Executive Leadership, Internal & External Mechanisms of Corporate Governance, Corporate Governance in Today’s Business Environment, Board Diversity, Governance for sustainable value creation, Governance in Startups, family business & SMEs, Managing the right balance: Shareholders and Stakeholders, Role of Auditors and Institutional Investors, Corporate Disclosures & Reporting Practices, Environment, Social and Governance, Enterprise Risk Management, Cyber Security & Governance"
"Conference on CSR, the Economy and Financial Markets",2026-07-15,2026-11-05,2026-11-06,"Düsseldorf, Germany",€150 for regular participants; €100 for PhD students,"Effects of CSR on valuation, performance, cost of capital, funding and capital structure; Role of financial markets, banks, institutional investors in CSR; Climate risk and pricing; Socio-economic aspects and their implications for companies and financial markets; Corporate governance and CSR; Risk management and CSR; CSR reporting and disclosure; ESG backlash and politicization; Sustainability strategy under new constraints; Measurement and reliability of ESG indices; CSR activities and the economy at macro and micro levels."
International Conference in Banking and Financial Studies 2026 (ICBFS 2026),2026-06-30,2026-09-10,2026-09-11,"Parma, Italy",N/A,"Accounting, auditing, and taxation; Asset allocation and valuation; Banking regulation and financial services; Behavioral and experimental finance/economics; Big data in finance, artificial intelligence, and cybersecurity; Climate finance and sustainability; Corporate finance, IPOs, SEOs, M&A, and crowdfunding; Corporate governance; Country funds, sovereign funds, and hedge funds; Debt markets and instruments; Digital finance, cryptocurrencies, and blockchain; Emerging markets finance; Energy finance and environmental issues; Entrepreneurial finance, venture capital, and private equity; Ethical finance, green finance, ESG, and CSR; Financial accounting and regulation; Financial crises, contagion, integration, and global risk interconnections; Financial engineering and derivatives; Foreign exchange markets and currency issues; Global imbalances and sustainability; Household finance, real estate finance, and microfinance; Market efficiency and behavior; Multinational financial management; Portfolio management and optimization; Risk management and compliance; Small business finance"
Colorado Finance Summit 2026,2026-07-01,2026-12-10,2026-12-13,"Vail, Colorado",N/A,"All areas of finance, theoretical contributions, empirical contributions"
18th Annual Hedge Fund Research Conference,2026-09-15,2027-01-21,2027-01-22,"Université Paris Dauphine - PSL, Paris",N/A,"hedge funds, mutual funds, ETFs, private equity funds, institutional investors’ risks and performance, transparency and due diligence, financial intermediation activity, systemic risk and contagion, institutional investors’ incentives and activism, portfolio liquidation and liquidity, financial regulation"
15th LaBS International Banking Workshop,2026-08-15,2026-10-30,2026-10-30,HSE University and online,N/A,"Banking in Emerging Markets, Household finance, theoretical and empirical research in Banking"
Private Equity Research Consortium (PERC) Symposium,2026-08-07,2026-11-05,2026-11-06,"Chapel Hill, NC",N/A,"Theoretical and empirical papers in the broad field of private equity, including research on buyouts, distressed securities, mezzanine financing, special situations, private credit, venture capital, real estate, and real assets"
IMRC 2026,N/A,2026-12-04,2026-12-06,IIM Ahmedabad,N/A,"Theoretical and Empirical Asset Pricing, Quality of Financial Reporting and Adoption of IFRS, Market Microstructure and Algorithmic Trading, Insurance/Reinsurance/Pension Funds, Business Cycles, Corporate Finance, Capital Structure and Dividend Policy, Financial Policy Choice, Institutions and Regulation, Enhancing Liquidity in Commodity Derivatives Markets, Public Economics, Asset Allocation and Investment Management, Computational Finance and Financial Econometrics, FDI and Portfolio Capital Flows, Household Finance, International Trade and Exchange Rates, Financial Crises, Systemic Risk and Macro-Finance, Financial Risk Analytics and Management, Financial Analytics, Monetary Policy and Banking, Global Value Chains and Firm Performance, Macroeconomics, Applied Microeconomics"
2026 New Zealand Finance Meeting,2026-07-15,2026-12-14,2026-12-16,"Auckland, New Zealand",N/A,all topics related to the field of finance
6th Conference on Corporate Policies and Asset Prices (COAP),2026-08-07,2026-12-09,2026-12-10,"Nice, France",€50,"asset pricing anomalies and their explanations, corporate finance models of asset pricing anomalies, dynamic corporate finance and contracting models and their asset pricing implications, the asset pricing implications of sustainable finance, feedback effects from asset prices to corporate decisions, structural estimation of dynamic models using asset price data"
5th Contemporary Issues in Financial Markets and Banking,2026-11-15,2027-02-10,2027-02-11,Online Conference,USD 175,"Financial resilience; Green, climate and sustainable finance; Decentralised finance and disruptive financial technologies; Theoretical asset pricing; Empirical asset pricing, liquidity and behavioural economics and finance; Risk management; Financial inclusion; Alternative investments; Crowd-funding; Islamic banking; Banking and financial sector stability and regulation; Financial (dis)integration and Brexit; Artificial intelligence, machine and deep learning applications in finance; Corporate finance and sustainable energy financing; Crisis investment and portfolio management; Corporate governance; International financial management and investment; Market microstructure; Household finance; Real estate and property markets; Metaverse and Blockchain technologies in finance; Intersection between finance and economic theory, especially financial applications of game theory, decision theory, and computational financial economics; experimental economics with implications for financial theory and practice."
"International Conference on Trade Wars, Geopolitical Fragmentation and Repercussions for Financial and Monetary Stability",2026-09-01,2026-11-04,2026-11-05,Brunel University of London (UK),N/A,"Art of the (trade) deal and financial costs; Asymmetric impacts on regions, commodity exporters, service-oriented economies and manufacturing centres; Capital flows and sudden stops due to trade wars; Central Banking in the age of trade wars and geopolitical conflicts; Central bank digital currencies (CBDCs), trade wars and geopolitical tensions; Currency weaponisation, competitive devaluation and financial instability; Digitisation, financial decoupling and financial stability during trade conflicts; Emerging markets and international financial flows under trade tensions; Empirical and theoretical analyses of strategic financial policies under trade restrictions; Exorbitant privilege of the US$ in the 21st century and the rise of alternative currencies; European Economic and Monetary Union’s financial integration with the US and the Global South; Financialization in the context of trade wars; Global financial imbalances, causes and financial consequences in the context of trade wars; International financial and monetary architecture and stress management in the age of trade conflict; Inflation targeting, trade wars and geopolitical conflicts; Productivity, innovation and efficiency related to technological spillovers and protectionism; Reallocation of global capital, safe havens and asset price bubbles during trade conflicts; Regional financial and monetary integration and the positive role of regions during trade conflicts; Role of central banks and macroprudential policy during trade conflicts; Sustainable financial development of the Global South and trade wars; Tariffs and non-tariff barriers and their negative financial impact on markets and firms"
Labor & Finance Group Fall 2026 Conference,2026-07-15,2026-11-05,2026-11-06,"Penn State University – Smeal College of Business, State College, PA",N/A,"Human capital, compensation, and incentives; Labor market power, monopsony/oligopsony, and wage setting; Unions, collective bargaining, and worker representation; Organizational design, internal labor markets, and corporate governance; Labor mobility, non-compete agreements, and talent flows; Labor-related disclosure, regulation, and policy; Labor and financial markets, asset pricing, and corporate policies; Entrepreneurship and innovation"
CUHK-RAPS-RCFS Conference on Asset Pricing and Corporate Finance,2026-08-15,2026-12-13,2026-12-15,Hong Kong,N/A,"Asset Pricing, Corporate Finance"
2026 ABFER-JFDS Conference on AI for Finance,2026-06-30,2026-08-18,2026-08-19,"International Institute of Finance, No. 1789 Guangxi Road, Hefei, Anhui, China",0 USD,"Applications of artificial intelligence, machine learning, natural language processing, large language models, AI agents, high-performance computing, and other novel analytical methods in finance and financial economics; Use of unstructured and alternative data in investment, auditing, assurance, and related fields; Social and economic impacts of AI adoption; Ethical, governance, and regulatory considerations of AI in finance; Quantitative investment strategies, portfolio optimization, digital assets, DeFi, and platform finance using machine learning technologies or other AI models."
Financial Economics Meeting,2026-09-30,2026-12-14,2026-12-16,Paris,N/A,"Financial markets & asset pricing, banking, credit & financial stability, macroeconomics & international finance, sustainable finance & climate risk, quantitative methods & emerging approaches"
39th Australasian Finance and Banking Conference,2026-08-10,2026-12-10,2026-12-12,"Sydney, Australia",N/A,"Opportunities and Risks of AI Technology in Finance, CBDCs, Fintech, and Digital Finance, Sustainable Investment"
MIT GCFP 13th Annual Conference,2026-07-17,2026-10-29,2026-10-30,"Cambridge, MA",N/A,"Financial regulation, AI’s impact on financial markets, labor markets, investor protection, fair lending, risks to financial stability, changing market structure for equities, bonds, derivatives, event contracts and prediction markets, non-bank credit, stablecoins, digital currencies, payment systems, risks in sovereign debt, international coordination, innovations in market architecture and infrastructure."
EUROFIDAI-ESSEC Paris December Finance Meeting,2026-05-31,2026-12-17,2026-12-17,Pullman Paris Montparnasse Hotel,75€,All areas of finance
Chicago Fed/University of Chicago Conference on Municipal Bond Markets,2026-06-01,2026-09-29,2026-09-30,Federal Reserve Bank of Chicago,N/A,"Unpublished and highly policy-relevant research papers on municipal bond markets, primary and secondary market frictions, role of retail investors in bond price formation, effects of state and federal policies on local government access to finance"
SFS Cavalcade Asia-Pacific 2026,2026-06-30,2026-12-07,2026-12-09,City University of Hong Kong,$75 USD,N/A
"Sustainable Accounting, Finance and Economics International Conference 2026 (SAFE2026)",N/A,2026-11-18,2026-11-21,"Bandar Sunway, Malaysia",N/A,"Sustainability-oriented research in accounting, finance, and economics"
2026 Climate Finance & Policy (CFP-2026),2026-07-31,2026-10-08,2026-10-09,"Bari, Italy",N/A,"AI-driven Climate Risk Assessment and Prediction, Big Data and ESG Decision-making, Carbon Border Adjustment Mechanisms, Carbon Finance and Pricing, Climate Change and Corporate Behavior, Climate Finance for Energy Efficiency, Carbon Taxes, Climate Agreements and Frameworks, Climate Funds and Public Finance, Climate Risk Assessment and Disclosure, ESG Measurement, Ratings & Data Quality, Financing Climate Adaptation and Resilience, Green Finance, Green Bonds and Socially Responsible Bonds, Just Transition, Nature, Biodiversity & Finance, Role of Technology in Climate Finance, Sustainable Investing, Sustainability Regulation & Political Economy"
2026 Global AI Finance Research Conference,2026-08-31,2026-12-14,2026-12-15,"Taipei, Taiwan",N/A,"Artificial Intelligence (AI), Big Data and Machine Learning, Blockchain and Cryptocurrencies, Security Token Offerings (STOs) and Initial Coin Offerings (ICOs), Decentralized Finance (DeFi), Peer-to-peer lending, FinTech regulation, High-frequency trading and market liquidity, Green FinTech"
37th Annual Conference of the Academy of Behavioral Finance & Economics,2026-07-01,2026-08-12,2026-08-14,"Santa Monica, California, USA",99.00 USD,"Behavioral/Cognitive Finance & Economics, Neuroscience/Neuromorphic Computing, Political Economy, Biological Anthropology, Brain-Computer Interfaces, Development of New Financial & Economic Models, Decision Making, Venture Startups & Exits, Markets & Capital, Investment & Management, Development, Personal Finance, Pedagogy, Empirical Works, Planning, Strategies, Regulation, Valuation"
2026 UNSW Asset Pricing Workshop,2026-07-01,2026-12-03,2026-12-04,"Sydney (NSW, Australia)",N/A,"All areas of Finance, with a special focus on Asset Pricing"
"International Conference in Venice - Artificial Intelligence, Financial Innovation and Credit Risk",2026-05-31,2026-09-24,2026-09-25,"Venice, Italy",N/A,"Credit Risk and Advanced Analytics, Financial Innovation and Digital Transformation, Artificial Intelligence, Data Governance and Ethical Risk, Sustainability and Long-Term Value Creation, Systemic Risk, Resilience and Policy"
36th Annual Conference on Financial Economics and Accounting (CFEA),2026-07-15,2026-11-20,2026-11-21,"Toronto, Ontario (Canada)",100 CAD,Financial economics and accounting
2026 Lugano Real Estate and Urban Economics Conference,2026-06-15,2026-09-23,2026-09-24,"Lugano, Switzerland",N/A,"real estate economics, real estate finance, regional economics, urban economics"
Santiago Finance Workshop 2026,2026-07-15,2026-12-14,2026-12-15,"Universidad de Chile, Diag. Paraguay 257, Santiago, Chile",N/A,Any topic in finance or financial economics
"4th International Conference on Circular Economy, Business Strategy & Management",2026-07-31,2026-10-05,2026-10-06,"EM Normandie Business School, Caen campus, France",N/A,"sustainability, ESG, innovation, resilience, circular business models, future of management research"
Climate Finance & Sustainability Conference,2026-08-01,2026-09-27,2026-09-28,"Montréal, QC, Canada",N/A,"Sustainability challenges in business, multi-stakeholder governance, ESG factors, sustainability reporting, climate finance, artificial intelligence in sustainability, sustainable business models, responsible consumption, supply chain management, among others."
China Accounting and Finance Review (CAFR) Special Issue Conference 2026,2026-08-02,2026-11-28,2026-11-29,"Zhongnan University of Economics and Law, Wuhan, China",N/A,"ESG in the AI Era: Challenges and Opportunities; AI-Driven ESG Reporting and Assurance; Algorithmic Bias, Ethics, and Fairness in ESG Analytics; Regulatory Responses to AI-Enabled ESG Practices; AI, Greenwashing, and Corporate Accountability; AI for Sustainable Finance and Investment Decision-Making"
2026 FMA Asia/Pacific Conference,2026-05-22,2026-12-02,2026-12-04,"Massey University, Auckland, New Zealand","$50 USD (FMA-members), $60 USD (non-members)","Financial decision-making, financial management, current issues in finance"
Sixth Biennial Conference on Auto Lending,2026-07-15,2026-10-29,2026-10-30,Federal Reserve Bank of Philadelphia,N/A,"auto lending and auto finance topics including consumer demand and vehicle choice, loan pricing and contract design, underwriting and credit risk modeling, dealer intermediation and markups, borrower outcomes and delinquency dynamics, fraud and identity risk, fair lending and consumer compliance, subprime and near-prime market structure, repossession and loss mitigation, servicing and collections, the role of alternative data and automated decisioning, electric vehicles and evolving collateral risk, used vehicle prices and depreciation, auto insurance interactions, fintech and market structure, auto asset-backed securities, and spillovers from monetary policy and macroeconomic shocks."
Frontiers in Machine Learning and Economics: Methods and Applications,2026-07-12,2026-11-06,2026-11-06,Federal Reserve Bank of Philadelphia,N/A,"Methodological advances in analyzing complex and high-dimensional data sets, Methodological advances in natural language processing with respect to causal inference, Innovative applications of generative AI, The societal impacts of AI and algorithmic decision-making"
Workshop on Innovations in Credit Scoring,2026-07-13,2026-07-13,2026-07-13,Virtual,N/A,"Innovations in credit scoring, alternative data, artificial intelligence, machine learning, creditworthiness evaluation, risk management, data privacy"
"2026 Conference on Real-Time Data Analysis, Methods, and Applications",2026-06-15,2026-10-09,2026-10-10,Federal Reserve Bank of Philadelphia,N/A,"monitoring and forecasting of economic and financial developments, including the use of high-frequency data, survey data, text as data, transactions data, and granular data; using preliminary and revised data in economic policy formulation and analysis; machine learning applications in real-time macroeconomics; probabilistic forecasts and assessments of crisis risks (financial, macroeconomic, etc.); related innovative data sets and toolboxes; seasonal and cyclical adjustment for real-time monitoring and forecasting."
2026 Jacobs Levy Center Frontiers in Quantitative Finance Conference,2026-05-22,2026-09-25,2026-09-25,"Philadelphia, PA",N/A,quantitative methods and asset pricing
2026 AIM Investment Conference,2026-06-15,2026-10-09,2026-10-10,"Austin, Texas",$75 USD,"mutual funds, hedge funds, pension funds, investment management"
2026 Wharton Conference on Liquidity and Financial Fragility,2026-07-01,2026-10-09,2026-10-10,"University of Pennsylvania, Philadelphia, PA",N/A,"Coordination failures, self-fulfilling beliefs, and runs; Fragility in banks and non-bank institutions; Liquidity and frictions in financial markets and macroeconomy; Systemic risk and financial regulation; Monetary policy and financial stability; Artificial intelligence (AI) and its implications for financial macroeconomic stability; The rise and potential risks in private credit markets; New payment technologies, stablecoins, tokenization, and their financial stability implications; Geopolitical tensions, trade conflicts, currency competition, and financial fragility; Inflation, interest rate risks, and implications on financial fragility; The real impact of crises and fragility on firms’ financing and investment policies"
"Towards a New Synthesis in Islamic Finance: Law, Economics and Shari’ah",2026-06-12,2026-08-28,2026-08-28,"Online Conference from Durham University, England, UK",N/A,"Islamic finance, financial innovation, regulatory oversight, governance mechanisms, economic development, sustainability, social equity, inclusive economic development"
74th Meeting of the EURO Working Group for Commodities and Financial Modelling (EWGCFM),2026-07-31,2026-11-22,2026-11-24,"Casa de Campo, La Romana, Dominican Republic",N/A,"Asset Pricing, Corporate Finance, Banking and Financial Institutions, Commodities and Energy Markets, Financial Modelling and Econometrics, Blockchain and Cryptocurrencies, Derivatives and Risk Management, Market Microstructure, Sustainable Finance"
"FIRN 2026 ANU Money, Credit, and Financial Stability Meeting",2026-06-21,2026-09-18,2026-09-18,"Australian National University (ANU), Canberra, Australia",N/A,"Monetary policy and transmission mechanisms, Credit markets and financial intermediation, Banking, liquidity, and regulation, Financial crises and systemic risk, Macro-finance"
Inaugural Annual Conference on Insurance,2026-05-31,2026-10-22,2026-10-23,Federal Reserve Bank of Chicago,N/A,"life insurance, Property & Casualty insurance, Reinsurance and risk transfer, Mergers and other ownership changes, Private equity ownership and impact on industry, Indexed, variable annuities, and other savings products, Household insurance choices, Insurances’ investment and funding strategies, Catastrophe risk, Impact of insurance regulation"
"Payments, Digital Assets, AI and the Future of Financial Markets",2026-05-10,2026-06-02,2026-06-02,"Imperial Business School, London",N/A,"Digital platforms, banking, and financial intermediation; Artificial intelligence, machine learning, and financial decision-making; Blockchain, tokenization, digital assets, and decentralized finance; Payment systems, central bank digital currencies, and stablecoins; FinTech regulation, supervision, market design, and financial stability; Data, privacy, cybersecurity, and consumer protection in finance; Entrepreneurial finance, venture capital, and innovation in financial services; Household finance, inclusion, and welfare effects of financial technology; Market microstructure, trading technologies, and liquidity; Competition between banks, platforms, and non-bank financial institutions"
Future Scholars in Finance Forum,2026-05-20,2026-07-01,2026-07-01,"Beijing, China",N/A,All areas of finance
Prototypes for Humanity 2026 Short Papers Platform,2026-05-22,2026-11-15,2026-11-19,"Dubai, UAE",N/A,"Wellbeing and Human Performance, Infrastructures and Cities, Autonomous Systems and Advanced Manufacturing, Environment, Sustainability and Energy, Mobility and Logistics, Socio-Economic Empowerment, Digital Economies and Future Markets, Open and Speculative"
2026 Federal Reserve Stress Testing Research Conference,2026-06-15,2026-11-05,2026-11-06,"Boston, Massachusetts",N/A,"The economic and macroprudential effects of stress tests and bank regulation, Novel approaches to modeling bank profitability, financial risks, and operational risks, Design and applications of stress scenarios and reverse stress testing, Nonbank credit intermediation, Financial instruments for risk transfer, Recent developments in bank regulation, The impact of emerging technologies on banks and their regulators"
EBA's 15th Policy Research Workshop,2026-06-19,2026-11-18,2026-11-19,"EBA premises (Paris, France) and remotely",N/A,"Competitiveness and efficiency in the prudential rulebook without undermining resilience; Impacts of efficiency and proportionality; Competition, innovation, market entry, cross border growth and new areas under financial supervision; Proportionate integration of ESG risks in governance, strategy, and remuneration frameworks"
"3rd Financial Fraud, Misconduct and Market Manipulation Conference",2026-05-01,2026-09-10,2026-09-11,"Lancaster University, England",N/A,"Theoretical and empirical analysis of financial fraud, case studies of recent instances of market misconduct, insider trading, implication of financial fraud/market manipulation for market efficiency, stability, and asset pricing, market manipulation at a high-frequency level, fraudulent activities and crypto currency markets, social networks, fake news and their effect on financial markets, money laundering and banking, conflicts of interests and their implications for various stakeholders and financial markets, hedge funds/mutual funds and their involvement in market misconduct, statistical/machine learning methods for fraud detection, cyber security and cyber risk management, regulatory response to financial misconduct, unintended consequences of politics and regulations"
22nd Annual Haskell & White Corporate Reporting and Governance Conference,2026-07-10,2026-09-18,2026-09-18,"California State University, Fullerton",N/A,"All areas of accounting and finance, including interdisciplinary research related to corporate reporting, governance, and financial markets"
25th Annual Bank Research Conference,2026-04-24,2026-09-24,2026-09-25,"Arlington, VA",N/A,"Regulatory reform options and considerations, Risk and resiliency in the financial system, Real effects of financial turmoil, Innovations in financial intermediation, Deposit insurance and stability, Emerging competitive threats to traditional banking, AI and technology in finance, Banks’ role in the 21st Century"
"The Future of Decision-Making and Risk-Taking: Bridging Finance, Economics, Brain, and Behavior",N/A,2026-08-12,2026-08-14,"Santa Monica, California, USA",$99.00 USD,"Behavioral/Cognitive Finance & Economics, Neuroscience/Neuromorphic Computing, Political Economy, Biological Anthropology, Brain-Computer Interfaces, Development of New Financial & Economic Models, Decision Making under risk and uncertainty, Venture Startups & Exits, Trust in Financial Markets, Investment & Management, Personal Finance, Pedagogy using AI or AGI, Behavioral Finance in Practice"
17th Emerging Markets Conference,2026-08-24,2026-12-13,2026-12-16,"Mumbai, India",N/A,"The sources of economic success or failure in EMs, Finance in EMs (households, financial markets, financial intermediaries, firms and finance, finance and growth), Political economy, law, public administration, regulation in EMs, The impact of populism upon the possibility of sustained growth, Insights into large EMs that matter in and of themselves, Insights from narrow research projects that illuminate EMs in general, The new phase of globalisation and its consequences for international trade, international finance and the nature of the EM firm, Features of a society that enable or disable convergence into the “normal” package of high levels of freedom and prosperity, The puzzles faced by all kinds of decision makers: individuals, civil society actors, firms, all levels of government, Grand challenges such as climate change: implications for EMs and ramifications of choices made in EMs, State capability in EMs, The interplay of military affairs, foreign policy and economics for EMs"
2026 International Forum on Financial Regulation and RegTech,2026-04-30,2026-06-13,2026-06-14,"Beihang University, Beijing, China",N/A,"Financial Regulation & RegTech Innovation, Risk Assessment & Management, AI, LLMs & Financial Infrastructure"
"2026 International Symposium on Climate, Finance, and Sustainability (ISCFS-2026)",2026-04-30,2026-06-25,2026-06-26,"House of Management Science, Paris Pantheon-Assas University, Paris, France",N/A,"Energy transition, environmental sustainability, banking, climate finance, financial markets, macroeconomy, carbon finance, climate risk, green finance, renewable energy"
5th Annual Academic - 2026 DeFi & Digital Currencies Conference,2026-05-31,2026-09-21,2026-09-22,"The Shard, London, UK",£45,"DeFi Protocols, Lending and Borrowing Protocols, Decentralized Exchanges, Blockchain Economics, Stablecoins and CBDCs, Digital Money and Payments, Tokenisation of real-world assets, Traditional and Decentralized Finance Interaction, Digital Finance and Inclusion"
"3rd Arne Ryde Conference on Crypto, Fintech and Payments",2026-05-01,2026-08-25,2026-08-26,"Lund, Sweden",N/A,"Crypto and blockchain technology, Crypto markets, households, and the real economy, Environmental and social impact of crypto markets, Interaction between traditional finance and decentralized finance, Stablecoins, Central Bank Digital Currencies (CBDCs), Financial technology (Fintech), Payment systems, Open banking and data sharing, Digital tools in financial services, Financial inclusion, development, and welfare in digital finance"
Institute for Quantitative Investment Research Autumn Residential Seminar 2026,2026-06-01,2026-10-04,2026-10-06,"Ashdown Park Hotel & Country Club, Wych Cross, East Sussex, UK",N/A,"New risks in a changing political environment; innovative, high-quality research papers related to investment management"
10th Shanghai-Edinburgh-London Finance Conference On Sustainable Finance in the Digital Era,2026-04-25,2026-05-30,2026-05-30,Shanghai and online,N/A,"Sustainable finance, AI, blockchain, ESG integration, financial development, financial inclusion, policy frameworks, corporate governance, AI applications in ESG, big data in ESG performance, blockchain in carbon markets, digital finance, fintech-enabled green lending"
